"Nº Centros de Custo";"Centros de Custo";"Centros de Custo Pai";"Perfil Desembolso Pecuário";"Áreas de Negócio";"Situação"
"1";"Receitas";;;"";"Ativo"
"1.1";"Receitas Agrícolas e Silviculturais";"Receitas";;"";"Ativo"
"1.1.1";"Aveia";"Receitas Agrícolas e Silviculturais";;"AGRICULTURA";"Ativo"
"1.1.2";"Azevém";"Receitas Agrícolas e Silviculturais";;"AGRICULTURA";"Ativo"
"1.1.3";"Cana";"Receitas Agrícolas e Silviculturais";;"AGRICULTURA";"Ativo"
"1.1.3.1";"Cana Própria";"Cana";;"AGRICULTURA";"Ativo"
"1.1.3.2";"Cana Parceria";"Cana";;"AGRICULTURA";"Ativo"
"1.1.4";"Eucalipto";"Receitas Agrícolas e Silviculturais";;"AGRICULTURA";"Ativo"
"1.1.5";"Feijão";"Receitas Agrícolas e Silviculturais";;"AGRICULTURA";"Ativo"
"1.1.6";"Mandioca";"Receitas Agrícolas e Silviculturais";;"AGRICULTURA";"Ativo"
"1.1.6.1";"Mandioca Própria";"Mandioca";;"AGRICULTURA";"Ativo"
"1.1.6.2";"Mandioca Parceria";"Mandioca";;"AGRICULTURA";"Ativo"
"1.1.7";"Milheto";"Receitas Agrícolas e Silviculturais";;"AGRICULTURA";"Ativo"
"1.1.8";"Milho Safrinha";"Receitas Agrícolas e Silviculturais";;"AGRICULTURA";"Ativo"
"1.1.9";"Milho Verão";"Receitas Agrícolas e Silviculturais";;"AGRICULTURA";"Ativo"
"1.1.10";"Seringueira";"Receitas Agrícolas e Silviculturais";;"AGRICULTURA";"Ativo"
"1.1.11";"Soja";"Receitas Agrícolas e Silviculturais";;"AGRICULTURA";"Ativo"
"1.1.11.1";"Soja Própria";"Soja";;"AGRICULTURA";"Ativo"
"1.1.11.2";"Soja Parceria";"Soja";;"AGRICULTURA";"Ativo"
"1.1.12";"Sorgo";"Receitas Agrícolas e Silviculturais";;"AGRICULTURA";"Ativo"
"1.1.13";"Outras Receitas Agrícolas e Silviculturais";"Receitas Agrícolas e Silviculturais";;"AGRICULTURA";"Ativo"
"1.2";"Receitas Outros";"Receitas";;"";"Ativo"
"1.2.1";"Arrendamento de Pastagem";"Receitas Outros";;"OUTROS + PECUÁRIA";"Ativo"
"1.2.2";"Arrendamento de Lavoura";"Receitas Outros";;"AGRICULTURA + OUTROS";"Ativo"
"1.2.3";"Compostagem";"Receitas Outros";;"AGRICULTURA + OUTROS + PECUÁRIA";"Ativo"
"1.2.4";"Ferramentas e Equipamentos";"Receitas Outros";;"AGRICULTURA + OUTROS + PECUÁRIA";"Ativo"
"1.2.5";"Madeiras";"Receitas Outros";;"AGRICULTURA + OUTROS + PECUÁRIA";"Ativo"
"1.2.6";"Prestação de Serviços";"Receitas Outros";;"AGRICULTURA + OUTROS + PECUÁRIA";"Ativo"
"1.2.7";"Recicláveis";"Receitas Outros";;"AGRICULTURA + OUTROS + PECUÁRIA";"Ativo"
"1.2.8";"Rendimento Financeiro";"Receitas Outros";;"AGRICULTURA + OUTROS + PECUÁRIA";"Ativo"
"1.2.9";"Veículos, Tratores e Implementos";"Receitas Outros";;"AGRICULTURA + OUTROS + PECUÁRIA";"Ativo"
"1.2.10";"Outras Receitas";"Receitas Outros";;"AGRICULTURA + OUTROS + PECUÁRIA";"Ativo"
"1.3";"Receitas Pecuárias";"Receitas";;"";"Ativo"
"1.3.1";"Fêmeas Abate";"Receitas Pecuárias";;"PECUÁRIA";"Ativo"
"1.3.2";"Fêmeas Descarte";"Receitas Pecuárias";;"PECUÁRIA";"Ativo"
"1.3.3";"Fêmeas Recria";"Receitas Pecuárias";;"PECUÁRIA";"Ativo"
"1.3.4";"Fêmeas Reprodução";"Receitas Pecuárias";;"PECUÁRIA";"Ativo"
"1.3.5";"Machos Abate";"Receitas Pecuárias";;"PECUÁRIA";"Ativo"
"1.3.6";"Machos Recria";"Receitas Pecuárias";;"PECUÁRIA";"Ativo"
"1.3.7";"Machos Reprodução";"Receitas Pecuárias";;"PECUÁRIA";"Ativo"
"1.3.8";"Sêmen e Embriões";"Receitas Pecuárias";;"PECUÁRIA";"Ativo"
"1.3.9";"Cana Forrageira";"Receitas Pecuárias";;"PECUÁRIA";"Ativo"
"1.3.10";"Feno";"Receitas Pecuárias";;"PECUÁRIA";"Ativo"
"1.3.11";"Silagem de Milheto";"Receitas Pecuárias";;"PECUÁRIA";"Ativo"
"1.3.12";"Silagem de Milho";"Receitas Pecuárias";;"PECUÁRIA";"Ativo"
"1.3.13";"Silagem de Sorgo";"Receitas Pecuárias";;"PECUÁRIA";"Ativo"
"1.3.14";"Outras Receitas Pecuárias";"Receitas Pecuárias";;"PECUÁRIA";"Ativo"
"1.3.15";"Silagem de Capiaçu";"Receitas Pecuárias";;"PECUÁRIA";"Ativo"
"1.3.16";"Silagem de Capim";"Receitas Pecuárias";;"PECUÁRIA";"Ativo"
"1.3.17";"Ração";"Receitas Pecuárias";;"PECUÁRIA";"Ativo"
"1.4";"Receitas Tropa e Outros Animais";"Receitas";;"";"Ativo"
"1.4.1";"Aves";"Receitas Tropa e Outros Animais";;"OUTROS + PECUÁRIA";"Ativo"
"1.4.2";"Ovinos";"Receitas Tropa e Outros Animais";;"OUTROS + PECUÁRIA";"Ativo"
"1.4.3";"Suínos";"Receitas Tropa e Outros Animais";;"OUTROS + PECUÁRIA";"Ativo"
"1.4.4";"Tropa de Serviço";"Receitas Tropa e Outros Animais";;"OUTROS + PECUÁRIA";"Ativo"
"1.4.5";"Tropa de Reprodução";"Receitas Tropa e Outros Animais";;"OUTROS + PECUÁRIA";"Ativo"
"1.4.6";"Outras Receitas com Outros Animais";"Receitas Tropa e Outros Animais";;"OUTROS + PECUÁRIA";"Ativo"
"2";"Agricultura e Silvicultura";;;"";"Ativo"
"2.1";"Cana";"Agricultura e Silvicultura";;"";"Ativo"
"2.1.1";"Arrendamento";"Cana";;"AGRICULTURA";"Ativo"
"2.1.2";"Colheita e Transporte";"Cana";;"AGRICULTURA";"Ativo"
"2.1.3";"Corretivos e Fertilizantes";"Cana";;"AGRICULTURA";"Ativo"
"2.1.3.1";"Corretivos";"Corretivos e Fertilizantes";;"AGRICULTURA";"Ativo"
"2.1.3.2";"Fertilizantes Naturais";"Corretivos e Fertilizantes";;"AGRICULTURA";"Ativo"
"2.1.3.3";"Fertilizantes Químicos";"Corretivos e Fertilizantes";;"AGRICULTURA";"Ativo"
"2.1.4";"Defensivos";"Cana";;"AGRICULTURA";"Ativo"
"2.1.4.1";"Defensivos Biológicos";"Defensivos";;"AGRICULTURA";"Ativo"
"2.1.4.2";"Defensivos Químicos";"Defensivos";;"AGRICULTURA";"Ativo"
"2.1.5";"Mão de Obra Terceirizada (Funcionários Diaristas)";"Cana";;"AGRICULTURA";"Ativo"
"2.1.6";"Operações Mecanizadas Terceirizadas (Sem Colheita e Frete)";"Cana";;"AGRICULTURA";"Ativo"
"2.1.7";"Parceria Agrícola";"Cana";;"AGRICULTURA";"Ativo"
"2.1.8";"Planta de Cobertura";"Cana";;"AGRICULTURA";"Ativo"
"2.1.9";"Secagem e Armazenamento";"Cana";;"AGRICULTURA";"Ativo"
"2.1.10";"Seguro Agrícola";"Cana";;"AGRICULTURA";"Ativo"
"2.1.11";"Sementes/Mudas e Tratamento";"Cana";;"AGRICULTURA";"Ativo"
"2.1.12";"Taxas e Impostos NISP (Não Incidente Sobre a Produção)";"Cana";;"AGRICULTURA";"Ativo"
"2.1.13";"Outras Despesas com Cana";"Cana";;"AGRICULTURA";"Ativo"
"2.2";"Eucalipto";"Agricultura e Silvicultura";;"";"Ativo"
"2.2.1";"Arrendamento";"Eucalipto";;"AGRICULTURA";"Ativo"
"2.2.2";"Colheita e Transporte";"Eucalipto";;"AGRICULTURA";"Ativo"
"2.2.3";"Corretivos e Fertilizantes";"Eucalipto";;"AGRICULTURA";"Ativo"
"2.2.3.1";"Corretivos";"Corretivos e Fertilizantes";;"AGRICULTURA";"Ativo"
"2.2.3.2";"Fertilizantes Naturais";"Corretivos e Fertilizantes";;"AGRICULTURA";"Ativo"
"2.2.3.3";"Fertilizantes Químicos";"Corretivos e Fertilizantes";;"AGRICULTURA";"Ativo"
"2.2.4";"Defensivos";"Eucalipto";;"AGRICULTURA";"Ativo"
"2.2.4.1";"Defensivos Biológicos";"Defensivos";;"AGRICULTURA";"Ativo"
"2.2.4.2";"Defensivos Químicos";"Defensivos";;"AGRICULTURA";"Ativo"
"2.2.5";"Mão de Obra Terceirizada (Funcionários Diaristas)";"Eucalipto";;"AGRICULTURA";"Ativo"
"2.2.6";"Operações Mecanizadas Terceirizadas (Sem Colheita e Frete)";"Eucalipto";;"AGRICULTURA";"Ativo"
"2.2.7";"Parceria Agrícola";"Eucalipto";;"AGRICULTURA";"Ativo"
"2.2.8";"Planta de Cobertura";"Eucalipto";;"AGRICULTURA";"Ativo"
"2.2.9";"Secagem e Armazenamento";"Eucalipto";;"AGRICULTURA";"Ativo"
"2.2.10";"Seguro Agrícola";"Eucalipto";;"AGRICULTURA";"Ativo"
"2.2.11";"Sementes/Mudas e Tratamento";"Eucalipto";;"AGRICULTURA";"Ativo"
"2.2.12";"Taxas e Impostos NISP (Não Incidente Sobre a Produção)";"Eucalipto";;"AGRICULTURA";"Ativo"
"2.2.13";"Outras Despesas com Eucalipto";"Eucalipto";;"AGRICULTURA";"Ativo"
"2.3";"Feijão";"Agricultura e Silvicultura";;"";"Ativo"
"2.3.1";"Arrendamento";"Feijão";;"AGRICULTURA";"Ativo"
"2.3.2";"Colheita e Transporte";"Feijão";;"AGRICULTURA";"Ativo"
"2.3.3";"Corretivos e Fertilizantes";"Feijão";;"AGRICULTURA";"Ativo"
"2.3.3.1";"Corretivos";"Corretivos e Fertilizantes";;"AGRICULTURA";"Ativo"
"2.3.3.2";"Fertilizantes Naturais";"Corretivos e Fertilizantes";;"AGRICULTURA";"Ativo"
"2.3.3.3";"Fertilizantes Químicos";"Corretivos e Fertilizantes";;"AGRICULTURA";"Ativo"
"2.3.4";"Defensivos";"Feijão";;"AGRICULTURA";"Ativo"
"2.3.4.1";"Defensivos Biológicos";"Defensivos";;"AGRICULTURA";"Ativo"
"2.3.4.2";"Defensivos Químicos";"Defensivos";;"AGRICULTURA";"Ativo"
"2.3.5";"Mão de Obra Terceirizada (Funcionários Diaristas)";"Feijão";;"AGRICULTURA";"Ativo"
"2.3.6";"Operações Mecanizadas Terceirizadas (Sem Colheita e Frete)";"Feijão";;"AGRICULTURA";"Ativo"
"2.3.7";"Parceria Agrícola";"Feijão";;"AGRICULTURA";"Ativo"
"2.3.8";"Planta de Cobertura";"Feijão";;"AGRICULTURA";"Ativo"
"2.3.9";"Secagem e Armazenamento";"Feijão";;"AGRICULTURA";"Ativo"
"2.3.10";"Seguro Agrícola";"Feijão";;"AGRICULTURA";"Ativo"
"2.3.11";"Sementes/Mudas e Tratamento";"Feijão";;"AGRICULTURA";"Ativo"
"2.3.12";"Taxas e Impostos NISP (Não Incidente Sobre a Produção)";"Feijão";;"AGRICULTURA";"Ativo"
"2.3.13";"Outras Despesas com Feijão";"Feijão";;"AGRICULTURA";"Ativo"
"2.4";"Mandioca";"Agricultura e Silvicultura";;"";"Ativo"
"2.4.1";"Arrendamento";"Mandioca";;"AGRICULTURA";"Ativo"
"2.4.2";"Colheita e Transporte";"Mandioca";;"AGRICULTURA";"Ativo"
"2.4.3";"Corretivos e Fertilizantes";"Mandioca";;"AGRICULTURA";"Ativo"
"2.4.3.1";"Corretivos";"Corretivos e Fertilizantes";;"AGRICULTURA";"Ativo"
"2.4.3.2";"Fertilizantes Naturais";"Corretivos e Fertilizantes";;"AGRICULTURA";"Ativo"
"2.4.3.3";"Fertilizantes Químicos";"Corretivos e Fertilizantes";;"AGRICULTURA";"Ativo"
"2.4.4";"Defensivos";"Mandioca";;"AGRICULTURA";"Ativo"
"2.4.4.1";"Defensivos Biológicos";"Defensivos";;"AGRICULTURA";"Ativo"
"2.4.4.2";"Defensivos Químicos";"Defensivos";;"AGRICULTURA";"Ativo"
"2.4.5";"Mão de Obra Terceirizada (Funcionários Diaristas)";"Mandioca";;"AGRICULTURA";"Ativo"
"2.4.6";"Operações Mecanizadas Terceirizadas (Sem Colheita e Frete)";"Mandioca";;"AGRICULTURA";"Ativo"
"2.4.7";"Parceria Agrícola";"Mandioca";;"AGRICULTURA";"Ativo"
"2.4.8";"Planta de Cobertura";"Mandioca";;"AGRICULTURA";"Ativo"
"2.4.9";"Secagem e Armazenamento";"Mandioca";;"AGRICULTURA";"Ativo"
"2.4.10";"Seguro Agrícola";"Mandioca";;"AGRICULTURA";"Ativo"
"2.4.11";"Sementes/Mudas e Tratamento";"Mandioca";;"AGRICULTURA";"Ativo"
"2.4.12";"Taxas e Impostos NISP (Não Incidente Sobre a Produção)";"Mandioca";;"AGRICULTURA";"Ativo"
"2.4.13";"Outras Despesas com Mandioca";"Mandioca";;"AGRICULTURA";"Ativo"
"2.5";"Milho Safrinha";"Agricultura e Silvicultura";;"";"Ativo"
"2.5.1";"Arrendamento";"Milho Safrinha";;"AGRICULTURA";"Ativo"
"2.5.2";"Colheita e Transporte";"Milho Safrinha";;"AGRICULTURA";"Ativo"
"2.5.3";"Corretivos e Fertilizantes";"Milho Safrinha";;"AGRICULTURA";"Ativo"
"2.5.3.1";"Corretivos";"Corretivos e Fertilizantes";;"AGRICULTURA";"Ativo"
"2.5.3.2";"Fertilizantes Naturais";"Corretivos e Fertilizantes";;"AGRICULTURA";"Ativo"
"2.5.3.3";"Fertilizantes Químicos";"Corretivos e Fertilizantes";;"AGRICULTURA";"Ativo"
"2.5.4";"Defensivos";"Milho Safrinha";;"AGRICULTURA";"Ativo"
"2.5.4.1";"Defensivos Biológicos";"Defensivos";;"AGRICULTURA";"Ativo"
"2.5.4.2";"Defensivos Químicos";"Defensivos";;"AGRICULTURA";"Ativo"
"2.5.5";"Mão de Obra Terceirizada (Funcionários Diaristas)";"Milho Safrinha";;"AGRICULTURA";"Ativo"
"2.5.6";"Operações Mecanizadas Terceirizadas (Sem Colheita e Frete)";"Milho Safrinha";;"AGRICULTURA";"Ativo"
"2.5.7";"Parceria Agrícola";"Milho Safrinha";;"AGRICULTURA";"Ativo"
"2.5.8";"Planta de Cobertura";"Milho Safrinha";;"AGRICULTURA";"Ativo"
"2.5.9";"Secagem e Armazenamento";"Milho Safrinha";;"AGRICULTURA";"Ativo"
"2.5.10";"Seguro Agrícola";"Milho Safrinha";;"AGRICULTURA";"Ativo"
"2.5.11";"Sementes/Mudas e Tratamento";"Milho Safrinha";;"AGRICULTURA";"Ativo"
"2.5.12";"Taxas e Impostos NISP (Não Incidente Sobre a Produção)";"Milho Safrinha";;"AGRICULTURA";"Ativo"
"2.5.13";"Outras Despesas com Milho Safrinha";"Milho Safrinha";;"AGRICULTURA";"Ativo"
"2.6";"Milho Verão";"Agricultura e Silvicultura";;"";"Ativo"
"2.6.1";"Arrendamento";"Milho Verão";;"AGRICULTURA";"Ativo"
"2.6.2";"Colheita e Transporte";"Milho Verão";;"AGRICULTURA";"Ativo"
"2.6.3";"Corretivos e Fertilizantes";"Milho Verão";;"AGRICULTURA";"Ativo"
"2.6.3.1";"Corretivos";"Corretivos e Fertilizantes";;"AGRICULTURA";"Ativo"
"2.6.3.2";"Fertilizantes Naturais";"Corretivos e Fertilizantes";;"AGRICULTURA";"Ativo"
"2.6.3.3";"Fertilizantes Químicos";"Corretivos e Fertilizantes";;"AGRICULTURA";"Ativo"
"2.6.4";"Defensivos";"Milho Verão";;"AGRICULTURA";"Ativo"
"2.6.4.1";"Defensivos Biológicos";"Defensivos";;"AGRICULTURA";"Ativo"
"2.6.4.2";"Defensivos Químicos";"Defensivos";;"AGRICULTURA";"Ativo"
"2.6.5";"Mão de Obra Terceirizada (Funcionários Diaristas)";"Milho Verão";;"AGRICULTURA";"Ativo"
"2.6.6";"Operações Mecanizadas Terceirizadas (Sem Colheita e Frete)";"Milho Verão";;"AGRICULTURA";"Ativo"
"2.6.7";"Parceria Agrícola";"Milho Verão";;"AGRICULTURA";"Ativo"
"2.6.8";"Planta de Cobertura";"Milho Verão";;"AGRICULTURA";"Ativo"
"2.6.9";"Secagem e Armazenamento";"Milho Verão";;"AGRICULTURA";"Ativo"
"2.6.10";"Seguro Agrícola";"Milho Verão";;"AGRICULTURA";"Ativo"
"2.6.11";"Sementes/Mudas e Tratamento";"Milho Verão";;"AGRICULTURA";"Ativo"
"2.6.12";"Taxas e Impostos NISP (Não Incidente Sobre a Produção)";"Milho Verão";;"AGRICULTURA";"Ativo"
"2.6.13";"Outras Despesas com Milho Verão";"Milho Verão";;"AGRICULTURA";"Ativo"
"2.7";"Seringueira";"Agricultura e Silvicultura";;"";"Ativo"
"2.7.1";"Arrendamento";"Seringueira";;"AGRICULTURA";"Ativo"
"2.7.2";"Colheita e Transporte";"Seringueira";;"AGRICULTURA";"Ativo"
"2.7.3";"Corretivos e Fertilizantes";"Seringueira";;"AGRICULTURA";"Ativo"
"2.7.3.1";"Corretivos";"Corretivos e Fertilizantes";;"AGRICULTURA";"Ativo"
"2.7.3.2";"Fertilizantes Naturais";"Corretivos e Fertilizantes";;"AGRICULTURA";"Ativo"
"2.7.3.3";"Fertilizantes Químicos";"Corretivos e Fertilizantes";;"AGRICULTURA";"Ativo"
"2.7.4";"Defensivos";"Seringueira";;"AGRICULTURA";"Ativo"
"2.7.4.1";"Defensivos Biológicos";"Defensivos";;"AGRICULTURA";"Ativo"
"2.7.4.2";"Defensivos Químicos";"Defensivos";;"AGRICULTURA";"Ativo"
"2.7.5";"Mão de Obra Terceirizada (Funcionários Diaristas)";"Seringueira";;"AGRICULTURA";"Ativo"
"2.7.6";"Operações Mecanizadas Terceirizadas (Sem Colheita e Frete)";"Seringueira";;"AGRICULTURA";"Ativo"
"2.7.7";"Parceria Agrícola";"Seringueira";;"AGRICULTURA";"Ativo"
"2.7.8";"Planta de Cobertura";"Seringueira";;"AGRICULTURA";"Ativo"
"2.7.9";"Secagem e Armazenamento";"Seringueira";;"AGRICULTURA";"Ativo"
"2.7.10";"Seguro Agrícola";"Seringueira";;"AGRICULTURA";"Ativo"
"2.7.11";"Secagem e Armazenamento";"Seringueira";;"AGRICULTURA";"Ativo"
"2.7.12";"Taxas e Impostos NISP (Não Incidente Sobre a Produção)";"Seringueira";;"AGRICULTURA";"Ativo"
"2.7.13";"Outras Despesas com Seringueira";"Seringueira";;"AGRICULTURA";"Ativo"
"2.8";"Soja";"Agricultura e Silvicultura";;"";"Ativo"
"2.8.1";"Arrendamento";"Soja";;"AGRICULTURA";"Ativo"
"2.8.2";"Colheita e Transporte";"Soja";;"AGRICULTURA";"Ativo"
"2.8.3";"Corretivos e Fertilizantes";"Soja";;"AGRICULTURA";"Ativo"
"2.8.3.1";"Corretivos";"Corretivos e Fertilizantes";;"AGRICULTURA";"Ativo"
"2.8.3.2";"Fertilizantes Naturais";"Corretivos e Fertilizantes";;"AGRICULTURA";"Ativo"
"2.8.3.3";"Fertilizantes Químicos";"Corretivos e Fertilizantes";;"AGRICULTURA";"Ativo"
"2.8.4";"Defensivos";"Soja";;"AGRICULTURA";"Ativo"
"2.8.4.1";"Defensivos Biológicos";"Defensivos";;"AGRICULTURA";"Ativo"
"2.8.4.2";"Defensivos Químicos";"Defensivos";;"AGRICULTURA";"Ativo"
"2.8.5";"Mão de Obra Terceirizada (Funcionários Diaristas)";"Soja";;"AGRICULTURA";"Ativo"
"2.8.6";"Operações Mecanizadas Terceirizadas (Sem Colheita e Frete)";"Soja";;"AGRICULTURA";"Ativo"
"2.8.7";"Parceria Agrícola";"Soja";;"AGRICULTURA";"Ativo"
"2.8.8";"Planta de Cobertura";"Soja";;"AGRICULTURA";"Ativo"
"2.8.9";"Secagem e Armazenamento";"Soja";;"AGRICULTURA";"Ativo"
"2.8.10";"Seguro Agrícola";"Soja";;"AGRICULTURA";"Ativo"
"2.8.11";"Sementes/Mudas e Tratamento";"Soja";;"AGRICULTURA";"Ativo"
"2.8.12";"Taxas e Impostos NISP (Não Incidente Sobre a Produção)";"Soja";;"AGRICULTURA";"Ativo"
"2.8.13";"Outras Despesas com Soja";"Soja";;"AGRICULTURA";"Ativo"
"2.9";"Outras Culturas";"Agricultura e Silvicultura";;"";"Ativo"
"2.9.1";"Outras Despesas com Outras Culturas";"Outras Culturas";;"AGRICULTURA";"Ativo"
"2.9.2";"Outras Despesas com Parcerias Agrícolas";"Outras Culturas";;"AGRICULTURA";"Ativo"
"3";"Investimentos";;;"";"Ativo"
"3.1";"Investimentos em Bovinos";"Investimentos";;"";"Ativo"
"3.1.1";"Compra de Bovinos";"Investimentos em Bovinos";;"PECUÁRIA";"Ativo"
"3.1.2";"Comissões";"Investimentos em Bovinos";;"PECUÁRIA";"Ativo"
"3.1.3";"Deslocamento, Alimentação e Hospedagem";"Investimentos em Bovinos";;"PECUÁRIA";"Ativo"
"3.1.4";"Frete: Compra e Transferência de Bovinos";"Investimentos em Bovinos";;"PECUÁRIA";"Ativo"
"3.1.5";"Outras Despesas com Investimentos em Bovinos";"Investimentos em Bovinos";;"PECUÁRIA";"Ativo"
"3.2";"Investimentos em Infraestrutura";"Investimentos";"Infraestrutura: Custeio + Investimento";"";"Ativo"
"3.2.1";"Barracões";"Investimentos em Infraestrutura";"Infraestrutura: Custeio + Investimento";"AGRICULTURA + OUTROS + PECUÁRIA";"Ativo"
"3.2.2";"Cercas";"Investimentos em Infraestrutura";"Infraestrutura: Custeio + Investimento";"AGRICULTURA + OUTROS + PECUÁRIA";"Ativo"
"3.2.3";"Estradas e Pontes";"Investimentos em Infraestrutura";"Infraestrutura: Custeio + Investimento";"AGRICULTURA + OUTROS + PECUÁRIA";"Ativo"
"3.2.4";"Ferramentas e Equipamentos";"Investimentos em Infraestrutura";"Infraestrutura: Custeio + Investimento";"AGRICULTURA + OUTROS + PECUÁRIA";"Ativo"
"3.2.5";"Horta, Pomar e Jardins";"Investimentos em Infraestrutura";"Infraestrutura: Custeio + Investimento";"AGRICULTURA + OUTROS + PECUÁRIA";"Ativo"
"3.2.6";"Informática, Telefonia e Comunicação";"Investimentos em Infraestrutura";"Infraestrutura: Custeio + Investimento";"AGRICULTURA + OUTROS + PECUÁRIA";"Ativo"
"3.2.7";"Instalações Pecuárias";"Investimentos em Infraestrutura";"Infraestrutura: Custeio + Investimento";"PECUÁRIA";"Ativo"
"3.2.8";"Instalações Residenciais";"Investimentos em Infraestrutura";"Infraestrutura: Custeio + Investimento";"AGRICULTURA + OUTROS + PECUÁRIA";"Ativo"
"3.2.9";"Móveis e Eletrodomésticos";"Investimentos em Infraestrutura";"Infraestrutura: Custeio + Investimento";"AGRICULTURA + OUTROS + PECUÁRIA";"Ativo"
"3.2.10";"Projetos e Medições";"Investimentos em Infraestrutura";"Infraestrutura: Custeio + Investimento";"AGRICULTURA + OUTROS + PECUÁRIA";"Ativo"
"3.2.11";"Rede Elétrica";"Investimentos em Infraestrutura";"Infraestrutura: Custeio + Investimento";"AGRICULTURA + OUTROS + PECUÁRIA";"Ativo"
"3.2.12";"Rede Hidráulica";"Investimentos em Infraestrutura";"Infraestrutura: Custeio + Investimento";"AGRICULTURA + OUTROS + PECUÁRIA";"Ativo"
"3.2.13";"Reflorestamento";"Investimentos em Infraestrutura";"Infraestrutura: Custeio + Investimento";"AGRICULTURA + OUTROS + PECUÁRIA";"Ativo"
"3.2.14";"Segurança";"Investimentos em Infraestrutura";"Infraestrutura: Custeio + Investimento";"AGRICULTURA + OUTROS + PECUÁRIA";"Ativo"
"3.2.15";"Solo contenções, Destoca e Recuperação";"Investimentos em Infraestrutura";"Infraestrutura: Custeio + Investimento";"AGRICULTURA + OUTROS + PECUÁRIA";"Ativo"
"3.2.16";"Outras Despesas com Investimentos em Infraestrutura";"Investimentos em Infraestrutura";"Infraestrutura: Custeio + Investimento";"AGRICULTURA + OUTROS + PECUÁRIA";"Ativo"
"3.2.17";"Irrigação";"Investimentos em Infraestrutura";"Infraestrutura: Custeio + Investimento";"AGRICULTURA + OUTROS + PECUÁRIA";"Ativo"
"3.3";"Investimentos em Tropa e Outros Animais";"Investimentos";"Outros";"";"Ativo"
"3.3.1";"Aves";"Investimentos em Tropa e Outros Animais";"Outros";"OUTROS + PECUÁRIA";"Ativo"
"3.3.2";"Ovinos";"Investimentos em Tropa e Outros Animais";"Outros";"OUTROS + PECUÁRIA";"Ativo"
"3.3.3";"Suínos";"Investimentos em Tropa e Outros Animais";"Outros";"OUTROS + PECUÁRIA";"Ativo"
"3.3.4";"Tropa de Serviço";"Investimentos em Tropa e Outros Animais";"Outros";"OUTROS + PECUÁRIA";"Ativo"
"3.3.5";"Tropa de Reprodução";"Investimentos em Tropa e Outros Animais";"Outros";"OUTROS + PECUÁRIA";"Ativo"
"3.3.6";"Outras Despesas com Investimentos em Outros Animais";"Investimentos em Tropa e Outros Animais";"Outros";"OUTROS + PECUÁRIA";"Ativo"
"3.4";"Investimentos em RH";"Investimentos";"Mão de Obra Permanente";"";"Ativo"
"3.4.1";"Eventos Presentes";"Investimentos em RH";"Mão de Obra Permanente";"AGRICULTURA + OUTROS + PECUÁRIA";"Ativo"
"3.4.2";"Treinamentos";"Investimentos em RH";"Mão de Obra Permanente";"AGRICULTURA + OUTROS + PECUÁRIA";"Ativo"
"3.4.3";"Uniformes e EPI";"Investimentos em RH";"Mão de Obra Permanente";"AGRICULTURA + OUTROS + PECUÁRIA";"Ativo"
"3.4.4";"Outras Despesas com Investimentos em RH";"Investimentos em RH";"Mão de Obra Permanente";"AGRICULTURA + OUTROS + PECUÁRIA";"Ativo"
"3.5";"Investimentos em Parque de Máquinas";"Investimentos";"Parque de Máquinas: Custeio + Investimento";"";"Ativo"
"3.5.1";"Veículos";"Investimentos em Parque de Máquinas";"Parque de Máquinas: Custeio + Investimento";"AGRICULTURA + OUTROS + PECUÁRIA";"Ativo"
"3.5.2";"Máquinas";"Investimentos em Parque de Máquinas";"Parque de Máquinas: Custeio + Investimento";"AGRICULTURA + OUTROS + PECUÁRIA";"Ativo"
"3.5.3";"Implementos";"Investimentos em Parque de Máquinas";"Parque de Máquinas: Custeio + Investimento";"AGRICULTURA + OUTROS + PECUÁRIA";"Ativo"
"3.5.4";"Outras Despesas com Investimentos em Parque de Máquinas";"Investimentos em Parque de Máquinas";"Parque de Máquinas: Custeio + Investimento";"AGRICULTURA + OUTROS + PECUÁRIA";"Ativo"
"3.6";"Investimentos em Pastagens";"Investimentos";"Pastagem: Custeio + Investimento";"";"Ativo"
"3.6.1";"Formação de Pasto";"Investimentos em Pastagens";"Pastagem: Custeio + Investimento";"OUTROS + PECUÁRIA";"Ativo"
"3.6.2";"Outras Despesas com Investimentos em Pastagens";"Investimentos em Pastagens";"Pastagem: Custeio + Investimento";"OUTROS + PECUÁRIA";"Ativo"
"4";"Mão de Obra Permanente";;;"";"Ativo"
"4.1";"Mão de Obra Permanente";"Mão de Obra Permanente";"Mão de Obra Permanente";"";"Ativo"
"4.1.1";"Prêmios e Benefícios";"Mão de Obra Permanente";"Mão de Obra Permanente";"AGRICULTURA + OUTROS + PECUÁRIA";"Ativo"
"4.1.2";"Rescisões e Acertos";"Mão de Obra Permanente";"Mão de Obra Permanente";"AGRICULTURA + OUTROS + PECUÁRIA";"Ativo"
"4.1.3";"Salários e Encargos";"Mão de Obra Permanente";"Mão de Obra Permanente";"AGRICULTURA + OUTROS + PECUÁRIA";"Ativo"
"4.1.4";"Outras Despesas com Mão de Obra Permanente";"Mão de Obra Permanente";"Mão de Obra Permanente";"AGRICULTURA + OUTROS + PECUÁRIA";"Ativo"
"5";"Pecuária";;;"";"Ativo"
"5.1";"Forrageiras, Culturas Anuais e Outros: Pastejo";"Pecuária";"Pastagem: Custeio + Investimento";"";"Ativo"
"5.1.1";"Aveia";"Forrageiras, Culturas Anuais e Outros: Pastejo";"Pastagem: Custeio + Investimento";"PECUÁRIA";"Ativo"
"5.1.2";"Azevém";"Forrageiras, Culturas Anuais e Outros: Pastejo";"Pastagem: Custeio + Investimento";"PECUÁRIA";"Ativo"
"5.1.3";"Milheto";"Forrageiras, Culturas Anuais e Outros: Pastejo";"Pastagem: Custeio + Investimento";"PECUÁRIA";"Ativo"
"5.1.4";"Sorgo";"Forrageiras, Culturas Anuais e Outros: Pastejo";"Pastagem: Custeio + Investimento";"PECUÁRIA";"Ativo"
"5.1.5";"Outras Despesas com Forrageiras, Culturas Anuais e Outros";"Forrageiras, Culturas Anuais e Outros: Pastejo";"Pastagem: Custeio + Investimento";"PECUÁRIA";"Ativo"
"5.2";"Forrageiras, Silagens e Outros: Cocho";"Pecuária";"Insumos do Rebanho";"";"Ativo"
"5.2.1";"Cana Forrageira";"Forrageiras, Silagens e Outros: Cocho";"Insumos do Rebanho";"PECUÁRIA";"Ativo"
"5.2.2";"Feno";"Forrageiras, Silagens e Outros: Cocho";"Insumos do Rebanho";"PECUÁRIA";"Ativo"
"5.2.3";"Silagem de Milheto";"Forrageiras, Silagens e Outros: Cocho";"Insumos do Rebanho";"PECUÁRIA";"Ativo"
"5.2.4";"Silagem de Milho";"Forrageiras, Silagens e Outros: Cocho";"Insumos do Rebanho";"PECUÁRIA";"Ativo"
"5.2.5";"Silagem de Sorgo";"Forrageiras, Silagens e Outros: Cocho";"Insumos do Rebanho";"PECUÁRIA";"Ativo"
"5.2.6";"Outras Despesas com Forrageiras, Silagens e Outros";"Forrageiras, Silagens e Outros: Cocho";"Insumos do Rebanho";"PECUÁRIA";"Ativo"
"5.2.7";"Silagem de Capiaçu";"Forrageiras, Silagens e Outros: Cocho";"Insumos do Rebanho";"PECUÁRIA";"Ativo"
"5.2.8";"Silagem de Capim";"Forrageiras, Silagens e Outros: Cocho";"Insumos do Rebanho";"PECUÁRIA";"Ativo"
"5.3";"Pastagens";"Pecuária";"Pastagem: Custeio + Investimento";"";"Ativo"
"5.3.1";"Arrendamento de Pastagem";"Pastagens";"Pastagem: Custeio + Investimento";"OUTROS + PECUÁRIA";"Ativo"
"5.3.2";"Compostagem";"Pastagens";"Pastagem: Custeio + Investimento";"OUTROS + PECUÁRIA";"Ativo"
"5.3.2.1";"Aditivos e Fertilizantes";"Compostagem";"Pastagem: Custeio + Investimento";"OUTROS + PECUÁRIA";"Ativo"
"5.3.2.2";"Esterco";"Compostagem";"Pastagem: Custeio + Investimento";"OUTROS + PECUÁRIA";"Ativo"
"5.3.2.3";"Outras Despesas com Compostagem";"Compostagem";"Pastagem: Custeio + Investimento";"OUTROS + PECUÁRIA";"Ativo"
"5.3.3";"Manutenção de Pastagem";"Pastagens";"Pastagem: Custeio + Investimento";"OUTROS + PECUÁRIA";"Ativo"
"5.3.4";"Outras Despesas com Pastagem";"Pastagens";"Pastagem: Custeio + Investimento";"OUTROS + PECUÁRIA";"Ativo"
"5.4";"Rebanho Comercial";"Pecuária";"Insumos do Rebanho";"";"Ativo"
"5.4.1";"Despesas Comerciais";"Rebanho Comercial";"Insumos do Rebanho";"PECUÁRIA";"Ativo"
"5.4.2";"Frete: Movimentações Internas de Gado";"Rebanho Comercial";"Insumos do Rebanho";"PECUÁRIA";"Ativo"
"5.4.3";"Identificação e Rastreabilidade";"Rebanho Comercial";"Insumos do Rebanho";"PECUÁRIA";"Ativo"
"5.4.4";"Nutrição";"Rebanho Comercial";"Insumos do Rebanho";"PECUÁRIA";"Ativo"
"5.4.5";"Reprodução";"Rebanho Comercial";"Insumos do Rebanho";"PECUÁRIA";"Ativo"
"5.4.6";"Sanidade";"Rebanho Comercial";"Insumos do Rebanho";"PECUÁRIA";"Ativo"
"5.4.7";"Melhoramento Genético";"Rebanho Comercial";"Insumos do Rebanho";"PECUÁRIA";"Ativo"
"5.4.8";"Outras Despesas com Rebanho Comercial";"Rebanho Comercial";"Insumos do Rebanho";"PECUÁRIA";"Ativo"
"5.5";"Rebanho Genética";"Pecuária";"Insumos do Rebanho";"";"Ativo"
"5.5.1";"Despesas Comerciais";"Rebanho Genética";"Insumos do Rebanho";"PECUÁRIA";"Ativo"
"5.5.2";"Frete: Movimentações Internas de Gado";"Rebanho Genética";"Insumos do Rebanho";"PECUÁRIA";"Ativo"
"5.5.3";"Identificação e Rastreabilidade";"Rebanho Genética";"Insumos do Rebanho";"PECUÁRIA";"Ativo"
"5.5.4";"Nutrição";"Rebanho Genética";"Insumos do Rebanho";"PECUÁRIA";"Ativo"
"5.5.5";"Reprodução";"Rebanho Genética";"Insumos do Rebanho";"PECUÁRIA";"Ativo"
"5.5.6";"Sanidade";"Rebanho Genética";"Insumos do Rebanho";"PECUÁRIA";"Ativo"
"5.5.7";"Melhoramento Genético";"Rebanho Genética";"Insumos do Rebanho";"PECUÁRIA";"Ativo"
"5.5.8";"Outras Despesas com Rebanho Genética";"Rebanho Genética";"Insumos do Rebanho";"PECUÁRIA";"Ativo"
"6";"Suporte Produção";;;"";"Ativo"
"6.1";"Administração";"Suporte Produção";"Administração";"";"Ativo"
"6.1.1";"Comunicação e Energia";"Administração";"Administração";"AGRICULTURA + OUTROS + PECUÁRIA";"Ativo"
"6.1.2";"Contabilidade, Jurídico e Consultoria";"Administração";"Administração";"AGRICULTURA + OUTROS + PECUÁRIA";"Ativo"
"6.1.3";"Deslocamento, Alimentação e Hospedagem";"Administração";"Administração";"AGRICULTURA + OUTROS + PECUÁRIA";"Ativo"
"6.1.4";"Despesa Financeira";"Administração";"Administração";"AGRICULTURA + OUTROS + PECUÁRIA";"Ativo"
"6.1.5";"Despesa Casa Sede";"Administração";"Administração";"AGRICULTURA + OUTROS + PECUÁRIA";"Ativo"
"6.1.6";"Outras Despesas Administrativas";"Administração";"Administração";"AGRICULTURA + OUTROS + PECUÁRIA";"Ativo"
"6.2";"Manutenção de Infraestrutura";"Suporte Produção";"Infraestrutura: Custeio + Investimento";"";"Ativo"
"6.2.1";"Barracões";"Manutenção de Infraestrutura";"Infraestrutura: Custeio + Investimento";"AGRICULTURA + OUTROS + PECUÁRIA";"Ativo"
"6.2.2";"Cercas";"Manutenção de Infraestrutura";"Infraestrutura: Custeio + Investimento";"AGRICULTURA + OUTROS + PECUÁRIA";"Ativo"
"6.2.3";"Estradas e Pontes";"Manutenção de Infraestrutura";"Infraestrutura: Custeio + Investimento";"AGRICULTURA + OUTROS + PECUÁRIA";"Ativo"
"6.2.4";"Ferramentas e Equipamentos";"Manutenção de Infraestrutura";"Infraestrutura: Custeio + Investimento";"AGRICULTURA + OUTROS + PECUÁRIA";"Ativo"
"6.2.5";"Horta, Pomar e Jardins";"Manutenção de Infraestrutura";"Infraestrutura: Custeio + Investimento";"AGRICULTURA + OUTROS + PECUÁRIA";"Ativo"
"6.2.6";"Identificação de Instalações";"Manutenção de Infraestrutura";"Infraestrutura: Custeio + Investimento";"AGRICULTURA + OUTROS + PECUÁRIA";"Ativo"
"6.2.7";"Informática, Telefonia e Comunicação";"Manutenção de Infraestrutura";"Infraestrutura: Custeio + Investimento";"AGRICULTURA + OUTROS + PECUÁRIA";"Ativo"
"6.2.8";"Instalações Pecuárias";"Manutenção de Infraestrutura";"Infraestrutura: Custeio + Investimento";"PECUÁRIA";"Ativo"
"6.2.9";"Instalações Residenciais";"Manutenção de Infraestrutura";"Infraestrutura: Custeio + Investimento";"AGRICULTURA + OUTROS + PECUÁRIA";"Ativo"
"6.2.10";"Móveis e Eletrodomésticos";"Manutenção de Infraestrutura";"Infraestrutura: Custeio + Investimento";"AGRICULTURA + OUTROS + PECUÁRIA";"Ativo"
"6.2.11";"Rede Elétrica";"Manutenção de Infraestrutura";"Infraestrutura: Custeio + Investimento";"AGRICULTURA + OUTROS + PECUÁRIA";"Ativo"
"6.2.12";"Rede Hidráulica";"Manutenção de Infraestrutura";"Infraestrutura: Custeio + Investimento";"AGRICULTURA + OUTROS + PECUÁRIA";"Ativo"
"6.2.13";"Segurança";"Manutenção de Infraestrutura";"Infraestrutura: Custeio + Investimento";"AGRICULTURA + OUTROS + PECUÁRIA";"Ativo"
"6.2.14";"Outras Despesas com Manutenção de Infraestrutura";"Manutenção de Infraestrutura";"Infraestrutura: Custeio + Investimento";"AGRICULTURA + OUTROS + PECUÁRIA";"Ativo"
"6.2.15";"Irrigação";"Manutenção de Infraestrutura";"Infraestrutura: Custeio + Investimento";"AGRICULTURA + OUTROS + PECUÁRIA";"Ativo"
"6.3";"Tropa e Outros Animais";"Suporte Produção";"Outros";"";"Ativo"
"6.3.1";"Aves";"Tropa e Outros Animais";"Outros";"OUTROS + PECUÁRIA";"Ativo"
"6.3.2";"Ovinos";"Tropa e Outros Animais";"Outros";"OUTROS + PECUÁRIA";"Ativo"
"6.3.3";"Suínos";"Tropa e Outros Animais";"Outros";"OUTROS + PECUÁRIA";"Ativo"
"6.3.4";"Tropa de Serviço";"Tropa e Outros Animais";"Outros";"OUTROS + PECUÁRIA";"Ativo"
"6.3.5";"Tropa de Reprodução";"Tropa e Outros Animais";"Outros";"OUTROS + PECUÁRIA";"Ativo"
"6.3.6";"Outras Despesas com Outros Animais";"Tropa e Outros Animais";"Outros";"OUTROS + PECUÁRIA";"Ativo"
"6.4";"Parque de Máquinas";"Suporte Produção";"Parque de Máquinas: Custeio + Investimento";"";"Ativo"
"6.4.1";"Combustíveis";"Parque de Máquinas";"Parque de Máquinas: Custeio + Investimento";"AGRICULTURA + OUTROS + PECUÁRIA";"Ativo"
"6.4.2";"Manutenção e Conserto";"Parque de Máquinas";"Parque de Máquinas: Custeio + Investimento";"AGRICULTURA + OUTROS + PECUÁRIA";"Ativo"
"6.4.3";"Seguros, Impostos e Multas";"Parque de Máquinas";"Parque de Máquinas: Custeio + Investimento";"AGRICULTURA + OUTROS + PECUÁRIA";"Ativo"
"6.4.4";"Outras Despesas com Parque de Máquinas";"Parque de Máquinas";"Parque de Máquinas: Custeio + Investimento";"AGRICULTURA + OUTROS + PECUÁRIA";"Ativo"
"6.5";"Taxas e Impostos";"Suporte Produção";"Taxas e Impostos";"";"Ativo"
"6.5.1";"Taxas e Impostos Sobre a Venda";"Taxas e Impostos";"Taxas e Impostos";"AGRICULTURA + OUTROS + PECUÁRIA";"Ativo"
"6.5.2";"Taxas e Impostos Sobre o Lucro";"Taxas e Impostos";"Taxas e Impostos";"AGRICULTURA + OUTROS + PECUÁRIA";"Ativo"
"6.5.3";"Taxas, Impostos e Outros";"Taxas e Impostos";"Taxas e Impostos";"AGRICULTURA + OUTROS + PECUÁRIA";"Ativo"
"6.6";"Outras Despesas";"Suporte Produção";"Outros";"";"Ativo"
"6.6.1";"Outras Despesas";"Outras Despesas";"Outros";"AGRICULTURA + OUTROS + PECUÁRIA";"Ativo"
"7";"Outros Créditos";;;"";"Ativo"
"7.1";"Outros Créditos";"Outros Créditos";;"";"Ativo"
"7.1.1";"Outros Créditos";"Outros Créditos";;"AGRICULTURA + OUTROS + PECUÁRIA";"Ativo"
"7.2";"Financiamentos Créditos";"Outros Créditos";;"";"Ativo"
"7.2.1";"Financiamentos Créditos";"Financiamentos Créditos";;"AGRICULTURA + OUTROS + PECUÁRIA";"Ativo"
"7.3";"Outros Setores";"Outros Créditos";;"";"Ativo"
"7.3.1";"Outros Setores";"Outros Setores";;"OUTROS";"Ativo"
"7.3.2";"Boitel";"Outros Setores";;"OUTROS";"Ativo"
"7.3.3";"Operação na Bolsa";"Outros Setores";;"OUTROS";"Ativo"
"7.3.4";"Crédito de Carbono";"Outros Setores";;"OUTROS";"Ativo"
"8";"Outros Débitos";;;"";"Ativo"
"8.1";"Outros Débitos";"Outros Débitos";;"";"Ativo"
"8.1.1";"Outros Débitos";"Outros Débitos";;"AGRICULTURA + OUTROS + PECUÁRIA";"Ativo"
"8.2";"Financiamentos Débitos";"Outros Débitos";;"";"Ativo"
"8.2.1";"Financiamentos Débitos";"Financiamentos Débitos";;"AGRICULTURA + OUTROS + PECUÁRIA";"Ativo"
"8.3";"Dividendos";"Outros Débitos";;"";"Ativo"
"8.3.1";"Dividendos";"Dividendos";;"AGRICULTURA + OUTROS + PECUÁRIA";"Ativo"
"8.4";"Outros Setores";"Outros Débitos";;"";"Ativo"
"8.4.1";"Outros Setores";"Outros Setores";;"OUTROS";"Ativo"
"8.4.2";"Boitel";"Outros Setores";;"OUTROS";"Ativo"
"8.4.3";"Operação na Bolsa";"Outros Setores";;"OUTROS";"Ativo"
"8.4.4";"Crédito de Carbono";"Outros Setores";;"OUTROS";"Ativo"